{"cameraMode":{"drawMode":0,"name":"Shaded","section":"Shading Mode"},"sceneLighting":true,"audioPlay":false,"sceneViewState":{"m_AlwaysRefresh":false,"showFog":true,"showSkybox":true,"showFlares":true,"showImageEffects":true,"showParticleSystems":true,"showVisualEffectGraphs":true,"m_FxEnabled":true},"in2DMode":false,"pivot":{"x":13.479836463928223,"y":9.11508560180664,"z":-15.08758544921875},"rotation":{"x":0.3645322322845459,"y":-0.09058097749948502,"z":0.035654883831739429,"w":0.9260865449905396},"size":19.676048278808595,"orthographic":true}