{"cameraMode":{"drawMode":0,"name":"Shaded","section":"Shading Mode"},"sceneLighting":false,"audioPlay":false,"sceneViewState":{"m_AlwaysRefresh":false,"showFog":true,"showSkybox":false,"showFlares":true,"showImageEffects":true,"showParticleSystems":true,"showVisualEffectGraphs":true,"m_FxEnabled":true},"in2DMode":false,"pivot":{"x":-0.15294583141803742,"y":0.028312206268310548,"z":0.47730016708374026},"rotation":{"x":0.1937558352947235,"y":0.010300809517502785,"z":-0.002034510485827923,"w":0.9809932708740234},"size":3.2402889728546144,"orthographic":false}